Category,Company / Entity,Country / Region,Role / Entity Type,Contact Details,Grade / Specifications,Operational / Risk Assessment
Aluminium A7 / Primary,NALCO (National Aluminium Co. Ltd.),India (Odisha),Direct Smelter / PSU Producer,Tel: 0674-2301988 | marketing@nalcoindia.co.in | Plant: edsnp@nalcoindia.co.in,P1020A / Primary Aluminium (LME Registered),Tier-1 Direct Smelter: 460k MT/year; official tenders/direct institutional booking; zero broker risk.
Aluminium A7 / Primary,Vedanta Aluminium / BALCO,India (Odisha / CG),Direct Smelter Producer,Tel: +91 22 6646 1000 | domesticmarketing@vedanta.co.in | aluminiumexports@vedanta.co.in,P1020 (≥99.7%) Primary Aluminium,Tier-1 Direct Producer: ~2.42M MT/year; published monthly benchmark pricing; direct commercial sales desk.
Aluminium A7 / Primary,Hindalco Industries Ltd.,India (Multiple),Direct Smelter Producer,Web: hindalco.com | Contact Central Sales Desk,P1020 (99.70%+) Primary Aluminium,Tier-1 Direct Producer: ~1.34M MT/year; direct institutional booking; LME-linked pricing.
Aluminium A7 / Primary,Emirates Global Aluminium (EGA),UAE (Dubai / Abu Dhabi),Direct Primary Smelter,Tel: +971 4 884 6666 | customer@ega.ae,Primary Aluminium / P1020 / VAP,Tier-1 Gulf Smelter: ~2.8M MT/year; direct contract desk for Middle East/export off-take.
Aluminium A7 / Primary,Aluminium Bahrain (Alba),Bahrain,Direct Primary Smelter,Tel: +973 1783 0000 | sales@albasmelter.com,Primary Aluminium (99.7%+),Tier-1 Gulf Smelter: ~1.54M MT/year; high-volume direct sales desk; LC/term contracts.
Aluminium A7 / Primary,Ma'aden Aluminium,Saudi Arabia,Direct Primary Smelter,Tel: +966 11 874 8000 | info@maaden.com.sa,Primary Aluminium P1020,Tier-1 Gulf Smelter: ~740k MT/year; direct institutional regional supplier.
Aluminium A7 / Primary,RUSAL,Russia,Direct Primary Smelter,Tel: +7 495 720 51 70 | sales@rusal.com | documents@rusal.com,A7E / Primary Aluminium,Tier-1 Global Producer: Major Russian smelters; strict compliance/OFAC checks required before booking.
Aluminium A7 / Primary,Kazakhstan Electrolysis Plant (ERG/KAS),Kazakhstan,Direct Primary Smelter,Tel: +7 7182 74 33 35 | kas@erg.kz,A7E / Primary Aluminium,Tier-1 CIS Smelter: Direct state/conglomerate producer; requires direct KYC and LC lines.
Aluminium A7 / Primary,Rio Tinto Aluminium,Australia / Canada,Multinational Miner/Smelter,Web: riotinto.com | aluminium@riotinto.com,P1020 / Primary Aluminium,Tier-1 Global Major: Tomago/Kitimat smelters; direct multinational procurement channels.
Aluminium A7 / Primary,Hydro Aluminium,Norway,Multinational Smelter,Tel: +47 22 53 81 00 | aluminium.sales@hydro.com,Primary Aluminium P1020 / Low-carbon,Tier-1 Global Major: Direct European smelter desk; contractual off-take only.
Aluminium A7 / Primary,Alcoa,USA / Global,Multinational Smelter,Tel: +1 412 315 2900 | Web: alcoa.com,Primary Aluminium (99.7%+),Tier-1 Global Major: Direct corporate sales; standard global trading terms.
Aluminium A7 / Primary,China Hongqiao Group,China,Direct Primary Smelter,Tel: +86 543 216 1735 | ir@hongqiaochina.com,Primary Aluminium / A7,Tier-1 Chinese Major: World's largest aluminium producer (>6M MT/year); FOB/CIF booking.
Aluminium A7 / Primary,Mozal Aluminium,Mozambique,Direct Primary Smelter,Web: mozal.com | mozalsales@bma.co.mz,Primary Aluminium P1020,Tier-1 African Smelter: ~560k MT/year; direct commercial desk (South32 joint venture).
Aluminium A7 / Primary,Boyne Smelters Ltd. (BSL),Australia,Direct Primary Smelter,Tel: +61 7 4973 9000 | sales@boynesmelters.com.au,Primary Aluminium (99.7%+),Tier-1 Smelter: >500k MT/year capacity; direct long-term export contracts.
Aluminium A7 / Primary,SVM Global Metals India Pvt Ltd,India (Telangana),Stockist / Impex Trader,Tel: 040-40206283 | WA: +91 99663 44985 | info@smvimpexpvtltd.in,Primary A7 / Imported Ingots,"Domestic Stockist: Domestic trader based in Mehdipatnam, Hyderabad; verify stock in yard before advance."
Aluminium A7 / Primary,Phoolchand BhagatSingh,India (Mumbai),Domestic Metal Merchant,Tel: +91 81049 19115 | info@phoolchand.com,A7 / Primary Metals & Scrap,"Domestic Merchant: Santacruz, Mumbai office; verify godown stock in Bhiwandi/Taloja."
Aluminium A7 / Primary,King Metals and Alloys Madras Ltd,India (Chennai),Alloy Manufacturer / Trader,Tel: 044-26880633 | Mob: +91 98840 60999 | chettiar888@gmail.com,A7 Ingots / Foundry Alloys,"Regional Processor: Ambattur Industrial Estate, Chennai; verify actual stock via physical inspection."
Aluminium A7 / Primary,Phoenix Industries,India (Mumbai),Aluminium Processor / Trader,Tel: 022-40441111 | Mob: +91 70692 33643 | sales@phoenixalloys.com,P1020 / 99.7% Ingots,Domestic Supplier: Established Mumbai office/plant; standard domestic payment terms.
Aluminium A7 / Primary,Arkline International,India (Mumbai),Trading House,Tel: +91 88989 81378 | Web: arklineinternational.com,A7 / P1020 Aluminium,Domestic Trader: Intermediary/trader desk; inspect material prior to signing.
Aluminium A7 / Primary,Aritra Trading Corporation,India (Kolkata),Regional Metal Merchant,Tel: 033-66036289 | Kolkata Office,A7 Aluminium Ingot (99.70%),Domestic Merchant: Local Kolkata trading house; require weighbridge delivery terms.
Aluminium A7 / Primary,Millennium Multi Trade Pvt Ltd,India (Kolkata),Trading House,Tel: +91 81001 08283,A7 Aluminium Ingot,Domestic Trader: Third-party supplier; verify GSTIN and physical yard before transacting.
Aluminium A7 / Primary,J3N Solutions Pvt Ltd,India (Mumbai),Trading Company,Tel: +91 99203 87944,A7 Aluminium Ingot,Domestic Intermediary: Local Mumbai broker/trader; trade only on physical delivery.
Aluminium A7 / Primary,Crypton Exports LLP,India (Mumbai),Export / Import Trader,Tel: +91 77385 14619 | info@cryptonexports.com,P1020 Primary Aluminium,Trading Firm: Verify physical stock vs brokerage indent.
Aluminium A7 / Primary,Tanzila Exports,India (Gujarat),Merchant Exporter,Tel: +91 98989 59963 | jonty@tanzilaexport.com,P1020 / Equivalent 99.7%,Merchant Trader: Sourcing broker/trader; requires full verification.
Aluminium A7 / Primary,Bluemint Metal / Cromor Mining,Türkiye (Ankara / Izmir),Trading House,Tel: +90 535 540 1148 | export@bluemintmetal.com,A7 (99.70%+) Ingots,International Trader: Turkish commercial trader; mandate DLC MT700 at discharge port only.
Aluminium A7 / Primary,Crescent Metals,USA (California),Non-Ferrous Broker,Tel: +1 714 270 7635 | ahmed@crescent-metals.com,Primary & Secondary Ingot,Overseas Trader: Intermediary broker in California; confirm physical yard ownership.
Aluminium A7 / Primary,Shandong Hengcai Steel Co. Ltd.,China (Shandong),Trading Company,WA: +86 133 7053 2608 | info@sdhengcaisteel.com,"A7 Ingot (~1,000 MT/month)",Chinese Trader: Standard trading entity; accept only 100% Sight LC (no cash advance).
Aluminium A7 / Primary,Zhongxi Metal Technology,China (Shandong),Trading Company,WA: +86 153 1570 4781 | sales01@zhongximetal.com,A7 / AL99.70 Ingots,Chinese Trader: Export merchant; strict DLC terms required.
Aluminium A7 / Primary,Hubei Ruichuang Metal,China (Hubei),Processor / Trader,WA: +86 134 0719 4056 | admin@ruichuangmetal.com,A7 Aluminium 99.7%,Chinese Exporter: Intermediary seller; payment via standard LC only.
Aluminium A7 / Primary,Tianjin JNS Steel,China (Tianjin),Trading Firm,Tel: +86 136 4213 1571 | sales@tjjnssteel.com,A7 / AL99.70 Ingots,Chinese Trader: Trading firm; require CCIC pre-shipment inspection.
Aluminium A7 / Primary,AWF Global Trading,Hong Kong,Trading House,WA: +852 6266 1443 | contact@awftraders.com,A7 Aluminium Ingot,HK Shell/Trader: Offshore trader; verify smelter allocation before engagement.
Aluminium A7 / Primary,Nautica Metal Scrap,Netherlands,Scrap / Ingot Broker,WA: +31 970 102 294 26 | info@nauticametalscrap.com,"A7 99.7% (Quotes 20,000 MT/mo)",High Risk / Paper Trader: 20k MT/month quote is typical paper broker tonnage; requires strict vetting.
Aluminium A7 / Primary,Tech Aluminum,Egypt,Regional Extruder/Trader,Web: techaluminum.com | noel@techaluminum.com,A7 / P1020A (MOQ: 20 MT),Regional Processor: Egyptian local producer; viable for 1-container trial on LC terms.
Aluminium A7 / Primary,USSLT Global,International,Broker Desk,Web: usslt.com | info@usslt.com,A7 99.70% (FOB/CIF),Online Intermediary: Virtual trading desk; confirm physical smelter allocation.
Aluminium A7 / Primary,Anubhav Aluminium Work Pvt Ltd,India (Chhattisgarh),Fabricator / Foundry,Tel: 0788-2281983 | IndiaMart: 08048274619,A7 Aluminium Ingot,Domestic Regional Unit: Website inactive; verify Bhilai/Nehru Nagar works directly before trade.
Aluminium A7 / Primary,Cam Rural Mines Corp,Cameroon,Artisanal / Broker Entity,No valid physical address or phone on site,A7 Ingots / Ore,High Risk / Advance-Fee Trap: Cameroon spot ingot leads without verified physical plant are fraudulent. Discard.
Steel Drums (209L / 55 Gal),Balmer Lawrie & Co. Ltd. (IPD),India (Kolkata / Taloja / Silvassa),Direct PSU Manufacturer,Tel: 033-22225300 | Taloja: 022-27412361 | ipd@balmerlawrie.com,209L Tight-Head Steel Drums (UN Rated),Tier-1 Direct Manufacturer: India's largest barrel producer; fully automated lines; handles containerized export to Iraq.
Steel Drums (209L / 55 Gal),Balmer Lawrie (UAE) LLC,UAE (Dubai / RAK),Direct Manufacturer (Gulf),Tel: +971 4 347 2888 | info@balmerlawrie.ae,209L (55 Gal) Tight-Head UN Drums,Tier-1 Gulf Manufacturer: Balmer Lawrie JV in UAE; closest direct feeder plant for sea/overland shipping to Iraq.
Steel Drums (209L / 55 Gal),Greif Middle East,UAE (Jebel Ali) / Saudi (Jubail),Direct Global Manufacturer,Tel: +971 4 883 5544 | Web: greif.com,209L Tight-Head Drums + Drum360 Screen Print,Tier-1 Global Major: World packaging leader; JAFZA plant supplies Middle East refineries including Iraq corridors.
Steel Drums (209L / 55 Gal),Time Technoplast Ltd.,India / UAE,Direct Manufacturer,Tel: 022-71119999 | tt@timetechnoplast.com,209L / 210L Tight-Head Steel Barrels,Tier-1 Manufacturer: Multi-plant industrial packaging conglomerate; production hubs across India and GCC.
Steel Drums (209L / 55 Gal),Pyramid Technoplast Ltd.,"India (Bharuch / Dahej, Gujarat)",Direct Manufacturer,Tel: 022-42761500 | Dahej: 02642-248666 | sales@pyramidtechnoplast.com,209L MS Tight-Head Cold Rolled Steel Drums,Tier-1 Manufacturer: Automated barrel lines in Dahej near Kandla/Mundra ports; regular container exporter.
Steel Drums (209L / 55 Gal),Gulf Star Steel Drums LLC,UAE (Dubai Investment Park),Direct Manufacturer,Tel: +971 4 335 9664 | info@gulfstarsteeldrums.com,209L Tight-Head Cold Rolled Liquid Drums,Tier-1 Regional Manufacturer: Automated European lines with full electrostatic painting and silk-screening setups.